<?xml version="1.0" encoding="UTF-8"?>
<project-private xmlns="http://www.netbeans.org/ns/project-private/1">
    <editor-bookmarks xmlns="http://www.netbeans.org/ns/editor-bookmarks/2" lastBookmarkId="0"/>
    <open-files xmlns="http://www.netbeans.org/ns/projectui-open-files/2">
        <group>
            <file>file:/C:/Users/PC_04/Documents/NetBeansProjects/Taller_Automotris/src/app/Reparacion.java</file>
            <file>file:/C:/Users/PC_04/Documents/NetBeansProjects/Taller_Automotris/src/app/Vehiculo.java</file>
            <file>file:/C:/Users/PC_04/Documents/NetBeansProjects/Taller_Automotris/src/app/Taller.java</file>
            <file>file:/C:/Users/PC_04/Documents/NetBeansProjects/Taller_Automotris/src/app/Principal.java</file>
            <file>file:/C:/Users/PC_04/Documents/NetBeansProjects/Taller_Automotris/src/app/Repuesto.java</file>
        </group>
    </open-files>
</project-private>
